말모이,20184105,https://ssl.pstatic.net/imgmovie/mdi/mit110/1676/167699_P40_175859.jpg,https://movie.naver.com/movie/bi/mi/basic.nhn?code=167699,9.04
내안의 그놈,20176251,https://ssl.pstatic.net/imgmovie/mdi/mit110/1641/164172_P26_152224.jpg,https://movie.naver.com/movie/bi/mi/basic.nhn?code=164172,8.67
주먹왕 랄프 2: 인터넷 속으로,20189463,https://ssl.pstatic.net/imgmovie/mdi/mit110/1526/152632_P19_104759.jpg,https://movie.naver.com/movie/bi/mi/basic.nhn?code=152632,8.76
극장판 공룡메카드: 타이니소어의 섬,20183915,https://ssl.pstatic.net/imgmovie/mdi/mit110/1803/180372_P16_101254.jpg,https://movie.naver.com/movie/bi/mi/basic.nhn?code=180372,9.18
아쿠아맨,20180290,https://ssl.pstatic.net/imgmovie/mdi/mit110/1511/151153_P19_095147.jpg,https://movie.naver.com/movie/bi/mi/basic.nhn?code=151153,8.39
보헤미안 랩소디,20185485,https://ssl.pstatic.net/imgmovie/mdi/mit110/1564/156464_P49_182103.jpg,https://movie.naver.com/movie/bi/mi/basic.nhn?code=156464,9.46
그린 북,20184574,https://ssl.pstatic.net/imgmovie/mdi/mit110/1715/171539_P26_135622.jpg,https://movie.naver.com/movie/bi/mi/basic.nhn?code=171539,9.66
범블비,20186281,https://ssl.pstatic.net/imgmovie/mdi/mit110/1641/164139_P12_153521.jpg,https://movie.naver.com/movie/bi/mi/basic.nhn?code=164139,8.12
PMC: 더 벙커,20170658,https://ssl.pstatic.net/imgmovie/mdi/mit110/1660/166092_P35_104446.jpg,https://movie.naver.com/movie/bi/mi/basic.nhn?code=166092,5.31
명탐정 코난 : 제로의 집행인,20187427,https://ssl.pstatic.net/imgmovie/mdi/mit110/1730/173019_P30_150613.jpg,https://movie.naver.com/movie/bi/mi/basic.nhn?code=173019,9.10
